<?xml version="1.0" encoding="UTF-8" standalone="no"?>
<CollectionOfJava>
<Question>
<Id>1</Id>
<Questions>Which of these standard collection classes implements a dynamic array?</Questions>
<Option1>ArrayList</Option1>
<Option2>LinkedList</Option2>
<Option3>AbstractList</Option3>
<Option4>AbstractSet</Option4>
<Correct>ArrayList</Correct>
</Question>
<Question>
<Id>2</Id>
<Questions>Which of these class can generate an array which can increase and decrease in size automatically?</Questions>
<Option1>DynamicList()</Option1>
<Option2>LinkedList()</Option2>
<Option3>ArrayList()</Option3>
<Option4>ArraySet()</Option4>
<Correct>LinkedList()</Correct>
</Question>
<Question>
<Id>3</Id>
<Questions>Which of these method can be used to increase the capacity of ArrayList object manually?</Questions>
<Option1>IncreaseCapacity</Option1>
<Option2>DecreaseCapacity</Option2>
<Option3>capacity</Option3>
<Option4>ensureCapacity</Option4>
<Correct>ensureCapacity</Correct>
</Question>
<Question>
<Id>4</Id>
<Questions>Which of these method of ArrayList class is used to obtain present size of an object?</Questions>
<Option1>Index()</Option1>
<Option2>Size()</Option2>
<Option3>Capacity()</Option3>
<Option4>Length()</Option4>
<Correct>Index()</Correct>
</Question>
<Question>
<Id>5</Id>
<Questions>Which of these methods can be used to obtain a static array from an ArrayList object?</Questions>
<Option1>Array()</Option1>
<Option2>toArray()</Option2>
<Option3>convertArray()</Option3>
<Option4>convertToArray()</Option4>
<Correct>convertArray()</Correct>
</Question>
<Question>
<Id>6</Id>
<Questions>Which of these method is used to reduce the capacity of an ArrayList object?</Questions>
<Option1>Trim()</Option1>
<Option2>TrimCapacity()</Option2>
<Option3>TrimToSize()</Option3>
<Option4>TrimSize()</Option4>
<Correct>TrimToSIze()</Correct>
</Question>
<Question>
<Id>7</Id>
<Questions>Map implements collection interface?</Questions>
<Option1>False</Option1>
<Option2>True</Option2>
<Option3> </Option3>
<Option4> </Option4>
<Correct>False</Correct>
</Question>
<Question>
<Id>8</Id>
<Questions>Is hashMap an ordered collection?</Questions>
<Option1>True</Option1>
<Option2>False</Option2>
<Option3> </Option3>
<Option4> </Option4>
<Correct>False</Correct>
</Question>
<Question>
<Id>9</Id>
<Questions> Which of the below does not implement Map interface?</Questions>
<Option1>Enum</Option1>
<Option2>Vector</Option2>
<Option3>HashTable</Option3>
<Option4>HashMap</Option4>
<Correct>Vector</Correct>
</Question>
<Question>
<Id>10</Id>
<Questions>How can we remove an object from ArrayList?</Questions>
<Option1>remove() method and using Iterator</Option1>
<Option2>using iterator</Option2>
<Option3>remove() method</Option3>
<Option4>delete() method</Option4>
<Correct>remove() method and using Iterator</Correct>
</Question>
</CollectionOfJava>
