<?xml version="1.0" encoding="UTF-8"?>
<students xmlns:xsi="http://www.w3.org/2001/XMLSchema-instance">

<student id="stu1001">
<rollno>001</rollno>
<firstname>amit</firstname>
<lastname>patel</lastname>
<sem1marks>85.0</sem1marks>
<sem2marks>81.0</sem2marks>
<sem3marks>76.0</sem3marks>
<sem4marks>89.0</sem4marks>
<sem5marks>73.0</sem5marks>
<sem6marks>77.0</sem6marks>
</student>

<student id="stu1002">

<rollno>002</rollno>
<firstname>rachit</firstname>
<lastname>shah</lastname>
<sem1marks>65.0</sem1marks>
<sem2marks>71.0</sem2marks>
<sem3marks>66.0</sem3marks>
<sem4marks>69.0</sem4marks>
<sem5marks>63.0</sem5marks>
<sem6marks>67.0</sem6marks>
</student>

<student id="stu1003">
<rollno>003</rollno>
<firstname>priya</firstname>
<lastname>seth</lastname>
<sem1marks>45.0</sem1marks>
<sem2marks>81.0</sem2marks>
<sem3marks>86.0</sem3marks>
<sem4marks>85.0</sem4marks>
<sem5marks>63.0</sem5marks>
<sem6marks>67.0</sem6marks>
</student>
</students>